feature,mean_abs_shap_group
Vendor,22.9669132232666
Item,22.257518768310547
Spend area text,14.23299789428711
Sub spend area text,8.67653751373291
Item Type,5.960384368896484
